Kids_First_Participant_ID	Kids_First_Biospecimen_ID	sample_id	aliquot_id	experimental_strategy	composition	cell_line_composition	cell_line_passage	tumor_descriptor	pathology_diagnosis	histologies_molecular_subtype	cancer_group	match_id	rare_cns_molecular_subtype
PT_38FS37DP	BS_M0FN1D8Y	7316-2686	1249650	RNA-Seq	Derived Cell Line	Serum-based	8	Initial CNS Tumor	Ewings Sarcoma	EWS	Ewing sarcoma	PT_38FS37DP_7316-2686_Derived Cell Line_Initial CNS Tumor_Serum-based_8	Rare CNS, EWS
PT_38FS37DP	BS_2EAF5GXZ	7316-2686	1242858	WGS	Derived Cell Line	Serum-based	8	Initial CNS Tumor	Ewings Sarcoma	EWS	Ewing sarcoma	PT_38FS37DP_7316-2686_Derived Cell Line_Initial CNS Tumor_Serum-based_8	Rare CNS, EWS
PT_C2D4JXS1	BS_0RQ4P069	7316-1746	739942	RNA-Seq	Derived Cell Line	Serum-based	4	Initial CNS Tumor	High-grade glioma/astrocytoma (WHO grade III/IV)	HGG, H3 wildtype, TP53	High-grade glioma	PT_C2D4JXS1_7316-1746_Derived Cell Line_Initial CNS Tumor_Serum-based_4	Rare CNS, DICER1 SARC
PT_C2D4JXS1	BS_68TZMZH1	7316-1746	739839	WGS	Derived Cell Line	Serum-based	4	Initial CNS Tumor	High-grade glioma/astrocytoma (WHO grade III/IV)	HGG, H3 wildtype, TP53	High-grade glioma	PT_C2D4JXS1_7316-1746_Derived Cell Line_Initial CNS Tumor_Serum-based_4	Rare CNS, DICER1 SARC
PT_C2D4JXS1	BS_2KD2NR56	7316-1746	1249631	RNA-Seq	Derived Cell Line	Serum-based	8	Initial CNS Tumor	High-grade glioma/astrocytoma (WHO grade III/IV)	HGG, H3 wildtype	High-grade glioma	PT_C2D4JXS1_7316-1746_Derived Cell Line_Initial CNS Tumor_Serum-based_8	Rare CNS, DICER1 SARC
PT_C2D4JXS1	BS_YPN9H9KK	7316-1746	1242866	WGS	Derived Cell Line	Serum-based	8	Initial CNS Tumor	High-grade glioma/astrocytoma (WHO grade III/IV)	HGG, H3 wildtype	High-grade glioma	PT_C2D4JXS1_7316-1746_Derived Cell Line_Initial CNS Tumor_Serum-based_8	Rare CNS, DICER1 SARC
PT_C2D4JXS1	BS_PNYN0AYD	7316-1746	739941	RNA-Seq	Derived Cell Line	Serum-free	10	Initial CNS Tumor	High-grade glioma/astrocytoma (WHO grade III/IV)	HGG, H3 wildtype, TP53	High-grade glioma	PT_C2D4JXS1_7316-1746_Derived Cell Line_Initial CNS Tumor_Serum-free_10	Rare CNS, DICER1 SARC
PT_C2D4JXS1	BS_AFBPM6CN	7316-1746	739838	WGS	Derived Cell Line	Serum-free	10	Initial CNS Tumor	High-grade glioma/astrocytoma (WHO grade III/IV)	HGG, H3 wildtype, TP53	High-grade glioma	PT_C2D4JXS1_7316-1746_Derived Cell Line_Initial CNS Tumor_Serum-free_10	Rare CNS, DICER1 SARC
PT_C2D4JXS1	BS_9XKZY5PR	7316-1746	1242298	RNA-Seq	Derived Cell Line	Serum-free	14	Initial CNS Tumor	High-grade glioma/astrocytoma (WHO grade III/IV)	HGG, H3 wildtype, TP53	High-grade glioma	PT_C2D4JXS1_7316-1746_Derived Cell Line_Initial CNS Tumor_Serum-free_14	Rare CNS, DICER1 SARC
PT_C2D4JXS1	BS_V27ABVGT	7316-1746	1242895	WGS	Derived Cell Line	Serum-free	14	Initial CNS Tumor	High-grade glioma/astrocytoma (WHO grade III/IV)	HGG, H3 wildtype, TP53	High-grade glioma	PT_C2D4JXS1_7316-1746_Derived Cell Line_Initial CNS Tumor_Serum-free_14	Rare CNS, DICER1 SARC
PT_HNZNZ635	BS_BFFK7M53	7316-2151	1249613	RNA-Seq	Derived Cell Line	Serum-based	11	Progressive	High-grade glioma/astrocytoma (WHO grade III/IV)	HGG, H3 wildtype	High-grade glioma	PT_HNZNZ635_7316-2151_Derived Cell Line_Progressive_Serum-based_11	Rare CNS, PATZ1-fused
PT_HNZNZ635	BS_2WS7E25W	7316-2151	1250850	WGS	Derived Cell Line	Serum-based	11	Progressive	High-grade glioma/astrocytoma (WHO grade III/IV)	HGG, H3 wildtype	High-grade glioma	PT_HNZNZ635_7316-2151_Derived Cell Line_Progressive_Serum-based_11	Rare CNS, PATZ1-fused
PT_HNZNZ635	BS_GXTFW99H	7316-2151	740006	RNA-Seq	Derived Cell Line	Serum-based	5	Progressive	High-grade glioma/astrocytoma (WHO grade III/IV)	HGG, H3 wildtype	High-grade glioma	PT_HNZNZ635_7316-2151_Derived Cell Line_Progressive_Serum-based_5	Rare CNS, PATZ1-fused
PT_HNZNZ635	BS_TX8C5VAJ	7316-2151	739823	WGS	Derived Cell Line	Serum-based	5	Progressive	High-grade glioma/astrocytoma (WHO grade III/IV)	HGG, H3 wildtype	High-grade glioma	PT_HNZNZ635_7316-2151_Derived Cell Line_Progressive_Serum-based_5	Rare CNS, PATZ1-fused
